<?xml version="1.0" encoding="UTF-8"?>
<project-private xmlns="http://www.netbeans.org/ns/project-private/1">
    <editor-bookmarks xmlns="http://www.netbeans.org/ns/editor-bookmarks/2" lastBookmarkId="0"/>
    <open-files xmlns="http://www.netbeans.org/ns/projectui-open-files/2">
        <group>
            <file>file:/C:/Users/DELL%20I3/Desktop/ProyectoSISF/WebApplication1/src/java/imagenesotros/FilePublicidad.java</file>
            <file>file:/C:/Users/DELL%20I3/Desktop/ProyectoSISF/WebApplication1/web/consultaspublicidad.xhtml</file>
            <file>file:/C:/Users/DELL%20I3/Desktop/ProyectoSISF/WebApplication1/src/java/imagenesotros/Filealquiler.java</file>
            <file>file:/C:/Users/DELL%20I3/Desktop/ProyectoSISF/WebApplication1/web/admin.xhtml</file>
        </group>
    </open-files>
</project-private>
